<?xml version="1.0" encoding="UTF-8"?>
<beans:beans xmlns="http://www.springframework.org/schema/security"
	xmlns:beans="http://www.springframework.org/schema/beans" 
	xmlns:xsi="http://www.w3.org/2001/XMLSchema-instance"
	xsi:schemaLocation="http://www.springframework.org/schema/beans
	http://www.springframework.org/schema/beans/spring-beans.xsd
	http://www.springframework.org/schema/security
	http://www.springframework.org/schema/security/spring-security.xsd">

	<http auto-config="true">
		<intercept-url  pattern="/app/secure/**" access="hasRole('ROLE_ADMIN')" />
		<form-login 
		   login-page="/app" 
		   login-processing-url="/appLogin"
		   username-parameter="app_username"
		   password-parameter="app_password"
		   default-target-url="/app/secure/home"/>
		<remember-me  
		   key="rem-me-key" 
		   remember-me-parameter="remember-me-param"
		   remember-me-cookie="my-remember-me"
		   token-validity-seconds="86400"/>
		<logout 
		   logout-url="/appLogout" 
		   logout-success-url="/app"/>  
	</http>
	<authentication-manager>
		<authentication-provider>
			<user-service>
				<user name="ram" password="ram123" authorities="ROLE_ADMIN" />
			</user-service>
		</authentication-provider>
	</authentication-manager>
</beans:beans>