<beans xmlns="http://www.springframework.org/schema/beans"
	xmlns:xsi="http://www.w3.org/2001/XMLSchema-instance" xmlns:p="http://www.springframework.org/schema/p"
	xmlns:aop="http://www.springframework.org/schema/aop" xmlns:context="http://www.springframework.org/schema/context"
	xmlns:jee="http://www.springframework.org/schema/jee" xmlns:tx="http://www.springframework.org/schema/tx"
	xmlns:task="http://www.springframework.org/schema/task"
	xsi:schemaLocation="http://www.springframework.org/schema/aop http://www.springframework.org/schema/aop/spring-aop-3.2.xsd http://www.springframework.org/schema/beans http://www.springframework.org/schema/beans/spring-beans-3.2.xsd http://www.springframework.org/schema/context http://www.springframework.org/schema/context/spring-context-3.2.xsd http://www.springframework.org/schema/jee http://www.springframework.org/schema/jee/spring-jee-3.2.xsd http://www.springframework.org/schema/tx http://www.springframework.org/schema/tx/spring-tx-3.2.xsd http://www.springframework.org/schema/task http://www.springframework.org/schema/task/spring-task-3.2.xsd">

  <context:component-scan base-package="com.javacodegeeks.snippets.enterprise" />
    
<bean id="mailSender" class="org.springframework.mail.javamail.JavaMailSenderImpl">
	<property name="host" value="smtp.gmail.com" />
	<property name="port" value="587" />
	<property name="username" value="sender@gmail.com" />
	<property name="password" value="password" /> 
	<property name="javaMailProperties">
            <props>
                <prop key="mail.smtp.auth">true</prop>
                <prop key="mail.smtp.starttls.enable">true</prop>
                <prop key="mail.smtp.ssl.trust">smtp.gmail.com</prop>
            </props>
	</property>
</bean>
  
 <bean id="templateMailMessage"
	class="org.springframework.mail.SimpleMailMessage"> 
	<property name="from" value="sender@gmail.com" />
	<property name="to" value="receiver@gmail.com" />
	<property name="subject" value="Hello" />
	<property name="text">
	   <value>
		<![CDATA[
			Dear %s,
			Mail Content : %s
		]]>
	   </value>
        </property>
</bean>

</beans>