<beans xmlns="http://www.springframework.org/schema/beans" 	xmlns:context="http://www.springframework.org/schema/context" xmlns:mvc="http://www.springframework.org/schema/mvc" xmlns:xsi="http://www.w3.org/2001/XMLSchema-instance" xsi:schemaLocation=" http://www.springframework.org/schema/beans http://www.springframework.org/schema/beans/spring-beans-3.0.xsd http://www.springframework.org/schema/context http://www.springframework.org/schema/context/spring-context-3.0.xsd http://www.springframework.org/schema/mvc http://www.springframework.org/schema/mvc/spring-mvc-3.0.xsd">

  <context:component-scan base-package="com.javacodegeeks.snippets.enterprise" />
  <mvc:annotation-driven />

	<bean id="messageSource"
		class="org.springframework.context.support.ResourceBundleMessageSource">
		<property name="basename" value="validation" />
	</bean>

	<bean id="studentValidator" class="com.javacodegeeks.snippets.enterprise.textbox.validator.StudentValidator" />
    
   <bean id="passwordValidator" class="com.javacodegeeks.snippets.enterprise.password.validator.PasswordValidator" />
  
   <bean id="emailValidator" class="com.javacodegeeks.snippets.enterprise.textarea.validator.EmailValidator" />
   
    <bean id="memberValidator" class="com.javacodegeeks.snippets.enterprise.checkbox.validator.MemberValidator" />
    
    <bean id="orderValidator" class="com.javacodegeeks.snippets.enterprise.radiobutton.validator.OrderValidator" />
    
    <bean id="colourValidator" class="com.javacodegeeks.snippets.enterprise.dropdown.validator.ColourValidator" />
    
	<bean
		class="org.springframework.web.servlet.view.InternalResourceViewResolver">
		<property name="prefix">
			<value>/WEB-INF/</value>
		</property>
		<property name="suffix">
			<value>.jsp</value>
		</property>
	</bean>

</beans>